Workbook

Sheet Dashboard
A1: ERP - MODUL HR | DASHBOARD MANAGEMENT PERSONAL
A4: Total Angajați | C4: Angajați Activi | E4: Concedii Active | G4: Posturi Deschise | I4: Fond Salarii Lunar | K4: Cost Total Angajator
A5: =COUNTA('Angajați'!A3:A1000) | C5: =COUNTIF('Angajați'!O3:O1000,"Activ") | E5: =COUNTIFS(Concedii!H3:H1000,"Aprobat",Concedii!E3:E1000,"<="&TODAY(),Concedii!F3:F1000,">="&TODAY()) | G5: =COUNTIFS(Recrutare!J3:J1000,"<>Angajat",Recrutare!J3:J1000,"<>Respins",Recrutare!J3:J1000,"<>Retras",Recrutare!J3:J1000,"<>") | I5: =SUM(Salarizare!V3:V100) | K5: =SUM(Salarizare!X3:X100)
A8: ANGAJAȚI PE DEPARTAMENT
A9: Departament | B9: Nr. Angajați
A10: =IF(Departamente!B3<>"",Departamente!B3,"") | B10: =IF(A10<>"",Departamente!F3,0)
A11: =IF(Departamente!B4<>"",Departamente!B4,"") | B11: =IF(A11<>"",Departamente!F4,0)
A12: =IF(Departamente!B5<>"",Departamente!B5,"") | B12: =IF(A12<>"",Departamente!F5,0)
A13: =IF(Departamente!B6<>"",Departamente!B6,"") | B13: =IF(A13<>"",Departamente!F6,0)
A14: =IF(Departamente!B7<>"",Departamente!B7,"") | B14: =IF(A14<>"",Departamente!F7,0)
A15: =IF(Departamente!B8<>"",Departamente!B8,"") | B15: =IF(A15<>"",Departamente!F8,0)
A16: =IF(Departamente!B9<>"",Departamente!B9,"") | B16: =IF(A16<>"",Departamente!F9,0)
A20: ALERTE & NOTIFICĂRI | K20: NAVIGARE RAPIDĂ
A21: Contracte care expiră în 30 zile: | C21: =COUNTIFS(Contracte!G3:G1000,">="&TODAY(),Contracte!G3:G1000,"<="&TODAY()+30) | K21: → Angajați
A22: Evaluări scadente în 30 zile: | C22: =COUNTIFS('Evaluări'!N3:N1000,">="&TODAY(),'Evaluări'!N3:N1000,"<="&TODAY()+30) | K22: → Contracte
A23: Documente expirate: | C23: =COUNTIF(Documente!I3:I1000,"Expirat") | K23: → Departamente
A24: Certificări care expiră în 90 zile: | C24: =COUNTIFS(Training!M3:M1000,">="&TODAY(),Training!M3:M1000,"<="&TODAY()+90) | K24: → Documente
A25: Concedii în așteptare: | C25: =COUNTIF(Concedii!H3:H1000,"În Așteptare") | K25: → Pontaj
A26: Ore suplimentare nesoluționate: | C26: =COUNTIF('Ore Suplimentare'!L3:L1000,"Solicitat") | K26: → Ore Suplimentare
A27: Candidați în proces recrutare: | C27: =COUNTIFS(Recrutare!J3:J1000,"<>Angajat",Recrutare!J3:J1000,"<>Respins",Recrutare!J3:J1000,"<>Retras",Recrutare!J3:J1000,"<>") | K27: → Concedii
K28: → Salarizare
K29: → Fluturași
A30: SUMAR SALARIZARE | K30: → Evaluări
A31: Total Brut (incl. OS, CO): | C31: =SUM(Salarizare!L3:L100) | K31: → Training
A32: Total CAS (pensie): | C32: =SUM(Salarizare!M3:M100) | K32: → Recrutare
A33: Total CASS (sănătate): | C33: =SUM(Salarizare!N3:N100) | K33: → Organigramă
A34: Total Impozit: | C34: =SUM(Salarizare!R3:R100) | K34: → Istoric
A35: Total Rețineri: | C35: =SUM(Salarizare!U3:U100) | K35: → Configurare
A36: Total Salarii Nete: | C36: =SUM(Salarizare!V3:V100)
A37: Total CAM (angajator): | C37: =SUM(Salarizare!W3:W100)
A38: Cost Total Companie: | C38: =SUM(Salarizare!X3:X100)

Sheet Angajați
A1: EVIDENȚA ANGAJAȚILOR
A2: ID | B2: Nume | C2: Prenume | D2: CNP | E2: Data Nașterii | F2: Sex | G2: Adresă | H2: Telefon | I2: Email | J2: Data Angajării | K2: Departament | L2: Funcție | M2: Manager Direct | N2: Tip Contract | O2: Status | P2: Data Ieșire | Q2: Motiv Ieșire | R2: Observații
A3: A001 | B3: Popescu | C3: Ion | D3: 1800515400123 | E3: 29356 | F3: M | G3: Str. Victoriei 10, București | H3: 0721000001 | I3: ion.popescu@company.ro | J3: 42064 | K3: Management | L3: Director General | M3: - | N3: CIM Nedeterminat | O3: Activ
A4: A002 | B4: Ionescu | C4: Maria | D4: 2850720400234 | E4: 31248 | F4: F | G4: Bd. Unirii 25, București | H4: 0721000002 | I4: maria.ionescu@company.ro | J4: 42901 | K4: IT & Dezvoltare | L4: Team Lead Dezvoltare | M4: Popescu Ion | N4: CIM Nedeterminat | O4: Activ
A5: A003 | B5: Georgescu | C5: Ana | D5: 2900312400345 | E5: 32944 | F5: F | G5: Str. Florilor 5, București | H5: 0721000003 | I5: ana.georgescu@company.ro | J5: 43475 | K5: Resurse Umane | L5: Specialist HR | M5: Popescu Ion | N5: CIM Nedeterminat | O5: Activ
A6: A004 | B6: Dumitrescu | C6: Pavel | D6: 1880225400456 | E6: 32198 | F6: M | G6: Str. Libertății 18, București | H6: 0721000004 | I6: pavel.dumitrescu@company.ro | J6: 42614 | K6: Financiar-Contabil | L6: Contabil | M6: Popescu Ion | N6: CIM Nedeterminat | O6: Activ
A7: A005 | B7: Marinescu | C7: Elena | D7: 2920618400567 | E7: 33773 | F7: F | G7: Str. Primăverii 30, Cluj-Napoca | H7: 0721000005 | I7: elena.marinescu@company.ro | J7: 43862 | K7: Vânzări | L7: Manager Vânzări | M7: Popescu Ion | N7: CIM Nedeterminat | O7: Activ

Sheet Contracte
A1: CONTRACTE DE MUNCĂ
A2: ID Contract | B2: ID Angajat | C2: Nume Angajat | D2: Tip Contract | E2: Număr Contract | F2: Data Început | G2: Data Sfârșit | H2: Normă (ore/zi) | I2: Salariu Brut (RON) | J2: Clauze Speciale | K2: Status | L2: Acte Adiționale
A3: C001 | B3: A001 | C3: =IFERROR(VLOOKUP(B3,'Angajați'!$A:$C,2,0)&" "&VLOOKUP(B3,'Angajați'!$A:$C,3,0),"N/A") | D3: CIM Nedeterminat | E3: CIM-001/2015 | F3: 42064 | H3: 8 | I3: 25000 | J3: Clauză confidențialitate | K3: Activ
A4: C002 | B4: A002 | C4: =IFERROR(VLOOKUP(B4,'Angajați'!$A:$C,2,0)&" "&VLOOKUP(B4,'Angajați'!$A:$C,3,0),"N/A") | D4: CIM Nedeterminat | E4: CIM-002/2017 | F4: 42901 | H4: 8 | I4: 14000 | K4: Activ | L4: AA1 - mărire salariu 01.2024
A5: C003 | B5: A003 | C5: =IFERROR(VLOOKUP(B5,'Angajați'!$A:$C,2,0)&" "&VLOOKUP(B5,'Angajați'!$A:$C,3,0),"N/A") | D5: CIM Nedeterminat | E5: CIM-003/2019 | F5: 43475 | H5: 8 | I5: 7500 | K5: Activ
A6: C004 | B6: A004 | C6: =IFERROR(VLOOKUP(B6,'Angajați'!$A:$C,2,0)&" "&VLOOKUP(B6,'Angajați'!$A:$C,3,0),"N/A") | D6: CIM Nedeterminat | E6: CIM-004/2016 | F6: 42614 | H6: 8 | I6: 9000 | J6: Clauză neconcurență | K6: Activ
A7: C005 | B7: A005 | C7: =IFERROR(VLOOKUP(B7,'Angajați'!$A:$C,2,0)&" "&VLOOKUP(B7,'Angajați'!$A:$C,3,0),"N/A") | D7: CIM Nedeterminat | E7: CIM-005/2020 | F7: 43862 | H7: 8 | I7: 12000 | K7: Activ

Sheet Departamente
A1: DEPARTAMENTE | H1: FUNCȚII / POSTURI
A2: ID | B2: Denumire Departament | C2: Manager | D2: Locație | E2: Buget Lunar (RON) | F2: Nr. Angajați | H2: ID | I2: Denumire Funcție | J2: Departament | K2: Nivel | L2: Salariu Min (RON) | M2: Salariu Max (RON)
A3: D001 | B3: Management | C3: Popescu Ion | D3: București | E3: 50000 | F3: =COUNTIF('Angajați'!K:K,B3) | H3: F001 | I3: Director General | J3: Management | K3: Director | L3: 15000 | M3: 30000
A4: D002 | B4: IT & Dezvoltare | C4: Ionescu Maria | D4: București | E4: 120000 | F4: =COUNTIF('Angajați'!K:K,B4) | H4: F002 | I4: Developer Software | J4: IT & Dezvoltare | K4: Mid | L4: 7000 | M4: 14000
A5: D003 | B5: Resurse Umane | C5: Georgescu Ana | D5: București | E5: 40000 | F5: =COUNTIF('Angajați'!K:K,B5) | H5: F003 | I5: Specialist HR | J5: Resurse Umane | K5: Mid | L5: 5000 | M5: 9000
A6: D004 | B6: Financiar-Contabil | C6: Dumitrescu Pavel | D6: București | E6: 60000 | F6: =COUNTIF('Angajați'!K:K,B6) | H6: F004 | I6: Contabil | J6: Financiar-Contabil | K6: Mid | L6: 5500 | M6: 10000
A7: D005 | B7: Vânzări | C7: Marinescu Elena | D7: Cluj-Napoca | E7: 80000 | F7: =COUNTIF('Angajați'!K:K,B7) | H7: F005 | I7: Manager Vânzări | J7: Vânzări | K7: Manager | L7: 8000 | M7: 15000
A8: D006 | B8: Marketing | C8: Constantinescu Dan | D8: București | E8: 55000 | F8: =COUNTIF('Angajați'!K:K,B8) | H8: F006 | I8: Specialist Marketing | J8: Marketing | K8: Mid | L8: 5000 | M8: 9000
A9: D007 | B9: Logistică | C9: Vasilescu Mihai | D9: Timișoara | E9: 70000 | F9: =COUNTIF('Angajați'!K:K,B9) | H9: F007 | I9: Operator Logistică | J9: Logistică | K9: Junior | L9: 4050 | M9: 6000
H10: F008 | I10: Team Lead Dezvoltare | J10: IT & Dezvoltare | K10: Lead | L10: 12000 | M10: 20000
H11: F009 | I11: Analist Business | J11: IT & Dezvoltare | K11: Mid | L11: 6000 | M11: 11000
H12: F010 | I12: Asistent Manager | J12: Management | K12: Junior | L12: 4500 | M12: 7000

Sheet Documente
A1: DOCUMENTE ANGAJAȚI
A2: ID | B2: ID Angajat | C2: Nume Angajat | D2: Tip Document | E2: Nr. Document | F2: Data Emiterii | G2: Data Expirării | H2: Emitent | I2: Status | J2: Observații
A3: DOC001 | B3: A001 | C3: =IFERROR(VLOOKUP(B3,'Angajați'!$A:$C,2,0)&" "&VLOOKUP(B3,'Angajați'!$A:$C,3,0),"N/A") | D3: Carte Identitate | E3: RX123456 | F3: 43961 | G3: 47613 | H3: SPCLEP Sector 1 | I3: =IF(G3="","Valid",IF(G3<TODAY(),"Expirat",IF(G3<=TODAY()+30,"Expiră Curând","Valid")))
A4: DOC002 | B4: A001 | C4: =IFERROR(VLOOKUP(B4,'Angajați'!$A:$C,2,0)&" "&VLOOKUP(B4,'Angajați'!$A:$C,3,0),"N/A") | D4: Fișa Postului | E4: FP-001/2015 | F4: 42064 | H4: SC Example SRL | I4: =IF(G4="","Valid",IF(G4<TODAY(),"Expirat",IF(G4<=TODAY()+30,"Expiră Curând","Valid"))) | J4: Actualizată 2023
A5: DOC003 | B5: A002 | C5: =IFERROR(VLOOKUP(B5,'Angajați'!$A:$C,2,0)&" "&VLOOKUP(B5,'Angajați'!$A:$C,3,0),"N/A") | D5: Carte Identitate | E5: RX234567 | F5: 43692 | G5: 47345 | H5: SPCLEP Sector 2 | I5: =IF(G5="","Valid",IF(G5<TODAY(),"Expirat",IF(G5<=TODAY()+30,"Expiră Curând","Valid")))
A6: DOC004 | B6: A002 | C6: =IFERROR(VLOOKUP(B6,'Angajați'!$A:$C,2,0)&" "&VLOOKUP(B6,'Angajați'!$A:$C,3,0),"N/A") | D6: Certificat Profesional | E6: CERT-IT-2024 | F6: 45444 | G6: 46174 | H6: IT Academy | I6: =IF(G6="","Valid",IF(G6<TODAY(),"Expirat",IF(G6<=TODAY()+30,"Expiră Curând","Valid"))) | J6: Certificare Cloud AWS
A7: DOC005 | B7: A003 | C7: =IFERROR(VLOOKUP(B7,'Angajați'!$A:$C,2,0)&" "&VLOOKUP(B7,'Angajați'!$A:$C,3,0),"N/A") | D7: Certificat Medical | E7: CM-2025-001 | F7: 45672 | G7: 46037 | H7: Clinica Medicală X | I7: =IF(G7="","Valid",IF(G7<TODAY(),"Expirat",IF(G7<=TODAY()+30,"Expiră Curând","Valid"))) | J7: Apt pentru muncă
A8: DOC006 | B8: A003 | C8: =IFERROR(VLOOKUP(B8,'Angajați'!$A:$C,2,0)&" "&VLOOKUP(B8,'Angajați'!$A:$C,3,0),"N/A") | D8: Cazier Judiciar | E8: CJ-2025-001 | F8: 45667 | G8: 45848 | H8: Poliția Sector 1 | I8: =IF(G8="","Valid",IF(G8<TODAY(),"Expirat",IF(G8<=TODAY()+30,"Expiră Curând","Valid")))
A9: DOC007 | B9: A004 | C9: =IFERROR(VLOOKUP(B9,'Angajați'!$A:$C,2,0)&" "&VLOOKUP(B9,'Angajați'!$A:$C,3,0),"N/A") | D9: Diplomă Studii | E9: DIP-2010-001 | F9: 40374 | H9: ASE București | I9: =IF(G9="","Valid",IF(G9<TODAY(),"Expirat",IF(G9<=TODAY()+30,"Expiră Curând","Valid"))) | J9: Licență Contabilitate
A10: DOC008 | B10: A005 | C10: =IFERROR(VLOOKUP(B10,'Angajați'!$A:$C,2,0)&" "&VLOOKUP(B10,'Angajați'!$A:$C,3,0),"N/A") | D10: Permis Conducere | E10: PC-B-12345 | F10: 43179 | G10: 48658 | H10: DRPCIV | I10: =IF(G10="","Valid",IF(G10<TODAY(),"Expirat",IF(G10<=TODAY()+30,"Expiră Curând","Valid"))) | J10: Categoria B

Sheet Pontaj
A1: PONTAJ LUNAR
A2: ID Angajat | B2: Nume | C2: Departament | D2: Luna | E2: An | F2: 1 | G2: 2 | H2: 3 | I2: 4 | J2: 5 | K2: 6 | L2: 7 | M2: 8 | N2: 9 | O2: 10 | P2: 11 | Q2: 12 | R2: 13 | S2: 14 | T2: 15 | U2: 16 | V2: 17 | W2: 18 | X2: 19 | Y2: 20 | Z2: 21 | AA2: 22 | AB2: 23 | AC2: 24 | AD2: 25 | AE2: 26 | AF2: 27 | AG2: 28 | AH2: 29 | AI2: 30 | AJ2: 31 | AK2: Zile Lucrate | AL2: Total CO | AM2: Total CM | AN2: Total Absențe | AO2: Total OS
A3: A001 | B3: =IFERROR(VLOOKUP(A3,'Angajați'!$A:$C,2,0)&" "&VLOOKUP(A3,'Angajați'!$A:$C,3,0),"N/A") | C3: =IFERROR(VLOOKUP(A3,'Angajați'!$A:$K,11,0),"N/A") | D3: 3 | E3: 2025 | F3: LS | G3: LS | H3: P | I3: P | J3: P | K3: P | L3: P | M3: LS | N3: LS | O3: P | P3: P | Q3: P | R3: P | S3: P | T3: LS | U3: LS | V3: P | W3: P | X3: P | Y3: P | Z3: P | AA3: LS | AB3: LS | AC3: P | AD3: P | AE3: P | AF3: P | AG3: P | AH3: LS | AI3: LS | AJ3: P | AK3: =COUNTIF(F3:AJ3,"P")+COUNTIF(F3:AJ3,"TP") | AL3: =COUNTIF(F3:AJ3,"CO") | AM3: =COUNTIF(F3:AJ3,"CM") | AN3: =COUNTIF(F3:AJ3,"A")+COUNTIF(F3:AJ3,"AM") | AO3: =COUNTIF(F3:AJ3,"OS")
A4: A002 | B4: =IFERROR(VLOOKUP(A4,'Angajați'!$A:$C,2,0)&" "&VLOOKUP(A4,'Angajați'!$A:$C,3,0),"N/A") | C4: =IFERROR(VLOOKUP(A4,'Angajați'!$A:$K,11,0),"N/A") | D4: 3 | E4: 2025 | F4: LS | G4: LS | H4: P | I4: P | J4: P | K4: P | L4: P | M4: LS | N4: LS | O4: P | P4: P | Q4: P | R4: P | S4: P | T4: LS | U4: LS | V4: P | W4: P | X4: P | Y4: P | Z4: P | AA4: LS | AB4: LS | AC4: P | AD4: P | AE4: P | AF4: P | AG4: P | AH4: LS | AI4: LS | AJ4: P | AK4: =COUNTIF(F4:AJ4,"P")+COUNTIF(F4:AJ4,"TP") | AL4: =COUNTIF(F4:AJ4,"CO") | AM4: =COUNTIF(F4:AJ4,"CM") | AN4: =COUNTIF(F4:AJ4,"A")+COUNTIF(F4:AJ4,"AM") | AO4: =COUNTIF(F4:AJ4,"OS")
A5: A003 | B5: =IFERROR(VLOOKUP(A5,'Angajați'!$A:$C,2,0)&" "&VLOOKUP(A5,'Angajați'!$A:$C,3,0),"N/A") | C5: =IFERROR(VLOOKUP(A5,'Angajați'!$A:$K,11,0),"N/A") | D5: 3 | E5: 2025 | F5: LS | G5: LS | H5: P | I5: P | J5: P | K5: P | L5: P | M5: LS | N5: LS | O5: P | P5: P | Q5: P | R5: P | S5: P | T5: LS | U5: LS | V5: P | W5: P | X5: P | Y5: P | Z5: P | AA5: LS | AB5: LS | AC5: P | AD5: P | AE5: P | AF5: P | AG5: P | AH5: LS | AI5: LS | AJ5: P | AK5: =COUNTIF(F5:AJ5,"P")+COUNTIF(F5:AJ5,"TP") | AL5: =COUNTIF(F5:AJ5,"CO") | AM5: =COUNTIF(F5:AJ5,"CM") | AN5: =COUNTIF(F5:AJ5,"A")+COUNTIF(F5:AJ5,"AM") | AO5: =COUNTIF(F5:AJ5,"OS")
A6: A004 | B6: =IFERROR(VLOOKUP(A6,'Angajați'!$A:$C,2,0)&" "&VLOOKUP(A6,'Angajați'!$A:$C,3,0),"N/A") | C6: =IFERROR(VLOOKUP(A6,'Angajați'!$A:$K,11,0),"N/A") | D6: 3 | E6: 2025 | F6: LS | G6: LS | H6: P | I6: P | J6: P | K6: P | L6: P | M6: LS | N6: LS | O6: P | P6: P | Q6: P | R6: P | S6: P | T6: LS | U6: LS | V6: P | W6: P | X6: P | Y6: P | Z6: P | AA6: LS | AB6: LS | AC6: P | AD6: P | AE6: P | AF6: P | AG6: P | AH6: LS | AI6: LS | AJ6: P | AK6: =COUNTIF(F6:AJ6,"P")+COUNTIF(F6:AJ6,"TP") | AL6: =COUNTIF(F6:AJ6,"CO") | AM6: =COUNTIF(F6:AJ6,"CM") | AN6: =COUNTIF(F6:AJ6,"A")+COUNTIF(F6:AJ6,"AM") | AO6: =COUNTIF(F6:AJ6,"OS")
A7: A005 | B7: =IFERROR(VLOOKUP(A7,'Angajați'!$A:$C,2,0)&" "&VLOOKUP(A7,'Angajați'!$A:$C,3,0),"N/A") | C7: =IFERROR(VLOOKUP(A7,'Angajați'!$A:$K,11,0),"N/A") | D7: 3 | E7: 2025 | F7: LS | G7: LS | H7: P | I7: P | J7: P | K7: P | L7: P | M7: LS | N7: LS | O7: P | P7: P | Q7: P | R7: P | S7: P | T7: LS | U7: LS | V7: P | W7: P | X7: P | Y7: P | Z7: P | AA7: LS | AB7: LS | AC7: P | AD7: P | AE7: P | AF7: P | AG7: P | AH7: LS | AI7: LS | AJ7: P | AK7: =COUNTIF(F7:AJ7,"P")+COUNTIF(F7:AJ7,"TP") | AL7: =COUNTIF(F7:AJ7,"CO") | AM7: =COUNTIF(F7:AJ7,"CM") | AN7: =COUNTIF(F7:AJ7,"A")+COUNTIF(F7:AJ7,"AM") | AO7: =COUNTIF(F7:AJ7,"OS")

Sheet Ore Suplimentare
A1: EVIDENȚĂ ORE SUPLIMENTARE
A2: ID | B2: ID Angajat | C2: Nume Angajat | D2: Data | E2: Ore Suplimentare | F2: Motiv | G2: Aprobat De | H2: Tip Compensare | I2: Spor (%) | J2: Salariu Orar Bază (RON) | K2: Valoare Brută (RON) | L2: Status | M2: Observații
A3: OS001 | B3: A002 | C3: =IFERROR(VLOOKUP(B3,'Angajați'!$A:$C,2,0)&" "&VLOOKUP(B3,'Angajați'!$A:$C,3,0),"N/A") | D3: 45731 | E3: 4 | F3: Deadline proiect X | G3: Popescu Ion | H3: Plată | I3: 75% | J3: =IFERROR(ROUND(VLOOKUP(B3,Contracte!$B:$I,8,0)/(22*Configurare!$B$10),2),0) | K3: =IF(E3<>"",ROUND(E3*J3*(1+SUBSTITUTE(I3,"%","")/100),2),0) | L3: Aprobat
A4: OS002 | B4: A002 | C4: =IFERROR(VLOOKUP(B4,'Angajați'!$A:$C,2,0)&" "&VLOOKUP(B4,'Angajați'!$A:$C,3,0),"N/A") | D4: 45738 | E4: 8 | F4: Deployment producție (sâmbătă) | G4: Popescu Ion | H4: Plată | I4: 100% | J4: =IFERROR(ROUND(VLOOKUP(B4,Contracte!$B:$I,8,0)/(22*Configurare!$B$10),2),0) | K4: =IF(E4<>"",ROUND(E4*J4*(1+SUBSTITUTE(I4,"%","")/100),2),0) | L4: Aprobat | M4: Weekend
A5: OS003 | B5: A004 | C5: =IFERROR(VLOOKUP(B5,'Angajați'!$A:$C,2,0)&" "&VLOOKUP(B5,'Angajați'!$A:$C,3,0),"N/A") | D5: 45734 | E5: 3 | F5: Închidere situații financiare | G5: Popescu Ion | H5: Timp Liber | I5: 75% | J5: =IFERROR(ROUND(VLOOKUP(B5,Contracte!$B:$I,8,0)/(22*Configurare!$B$10),2),0) | K5: =IF(E5<>"",ROUND(E5*J5*(1+SUBSTITUTE(I5,"%","")/100),2),0) | L5: Solicitat
A6: OS004 | B6: A005 | C6: =IFERROR(VLOOKUP(B6,'Angajați'!$A:$C,2,0)&" "&VLOOKUP(B6,'Angajați'!$A:$C,3,0),"N/A") | D6: 45736 | E6: 5 | F6: Eveniment vânzări special | G6: Popescu Ion | H6: Plată | I6: 75% | J6: =IFERROR(ROUND(VLOOKUP(B6,Contracte!$B:$I,8,0)/(22*Configurare!$B$10),2),0) | K6: =IF(E6<>"",ROUND(E6*J6*(1+SUBSTITUTE(I6,"%","")/100),2),0) | L6: Aprobat
A8: TOTAL | E8: =SUM(E3:E6) | K8: =SUM(K3:K6)
A10: LEGISLAȚIE: Conform Codului Muncii, orele suplimentare se compensează cu:
A11: - Spor 75% pentru zile lucrătoare
A12: - Spor 100% pentru weekend și sărbători legale
A13: - Sau timp liber corespunzător în următoarele 60 zile

Sheet Concedii
A1: MANAGEMENT CONCEDII
A2: ID | B2: ID Angajat | C2: Nume Angajat | D2: Tip Concediu | E2: Data Început | F2: Data Sfârșit | G2: Zile | H2: Status | I2: Aprobat De | J2: Zile Disponibile/An | K2: Zile Folosite | L2: Zile Rămase
A3: L001 | B3: A002 | C3: =IFERROR(VLOOKUP(B3,'Angajați'!$A:$C,2,0)&" "&VLOOKUP(B3,'Angajați'!$A:$C,3,0),"N/A") | D3: CO - Concediu Odihnă | E3: 45852 | F3: 45863 | G3: =IF(AND(E3<>"",F3<>""),NETWORKDAYS(E3,F3),"") | H3: Aprobat | I3: Popescu Ion | J3: 21 | K3: =SUMPRODUCT((B$3:B$1000=B3)*(YEAR(E$3:E$1000)=YEAR(TODAY()))*(H$3:H$1000="Aprobat")*(G$3:G$1000)) | L3: =IF(J3<>"",J3-K3,"")
A4: L002 | B4: A003 | C4: =IFERROR(VLOOKUP(B4,'Angajați'!$A:$C,2,0)&" "&VLOOKUP(B4,'Angajați'!$A:$C,3,0),"N/A") | D4: CO - Concediu Odihnă | E4: 45873 | F4: 45884 | G4: =IF(AND(E4<>"",F4<>""),NETWORKDAYS(E4,F4),"") | H4: În Așteptare | J4: 21 | K4: =SUMPRODUCT((B$3:B$1000=B4)*(YEAR(E$3:E$1000)=YEAR(TODAY()))*(H$3:H$1000="Aprobat")*(G$3:G$1000)) | L4: =IF(J4<>"",J4-K4,"")
A5: L003 | B5: A004 | C5: =IFERROR(VLOOKUP(B5,'Angajați'!$A:$C,2,0)&" "&VLOOKUP(B5,'Angajați'!$A:$C,3,0),"N/A") | D5: CM - Concediu Medical | E5: 45726 | F5: 45730 | G5: =IF(AND(E5<>"",F5<>""),NETWORKDAYS(E5,F5),"") | H5: Aprobat | I5: Popescu Ion | J5: 21 | K5: =SUMPRODUCT((B$3:B$1000=B5)*(YEAR(E$3:E$1000)=YEAR(TODAY()))*(H$3:H$1000="Aprobat")*(G$3:G$1000)) | L5: =IF(J5<>"",J5-K5,"")

Sheet Salarizare
A1: STAT DE PLATĂ - SALARIZARE
A2: ID | B2: ID Angajat | C2: Nume Angajat | D2: Luna | E2: An | F2: Salariu Brut Bază | G2: Zile Lucrate | H2: Zile Totale Lună | I2: Salariu Proporțional | J2: Ore Suplimentare (val) | K2: Indemnizație CO | L2: Total Brut | M2: CAS 25% | N2: CASS 10% | O2: Nr. Pers. Întreținere | P2: Deducere Personală | Q2: Baza Impozabilă | R2: Impozit 10% | S2: Alte Deduceri | T2: Tichete Masă | U2: Total Rețineri | V2: Salariu Net | W2: CAM 2.25% (angajator) | X2: Cost Total Angajator
A3: S001 | B3: A001 | C3: =IFERROR(VLOOKUP(B3,'Angajați'!$A:$C,2,0)&" "&VLOOKUP(B3,'Angajați'!$A:$C,3,0),"N/A") | D3: 3 | E3: 2025 | F3: 25000 | G3: =IFERROR(SUMPRODUCT((Pontaj!$A$3:$A$200=B3)*(Pontaj!$D$3:$D$200=D3)*(Pontaj!$E$3:$E$200=E3)*Pontaj!$AK$3:$AK$200),0) | H3: =NETWORKDAYS(DATE(E3,D3,1),EOMONTH(DATE(E3,D3,1),0)) | I3: =IF(H3>0,ROUND(F3*G3/H3,2),0) | J3: =IFERROR(SUMPRODUCT(('Ore Suplimentare'!$B$3:$B$200=B3)*(MONTH('Ore Suplimentare'!$D$3:$D$200)=D3)*(YEAR('Ore Suplimentare'!$D$3:$D$200)=E3)*('Ore Suplimentare'!$L$3:$L$200="Aprobat")*'Ore Suplimentare'!$K$3:$K$200),0) | K3: =IFERROR(SUMPRODUCT((Pontaj!$A$3:$A$200=B3)*(Pontaj!$D$3:$D$200=D3)*(Pontaj!$E$3:$E$200=E3)*Pontaj!$AL$3:$AL$200)*IF(H3>0,F3/H3,0),0) | L3: =I3+J3+K3 | M3: =ROUND(L3*0.25,2) | N3: =ROUND(L3*0.1,2) | O3: 0 | P3: =IF(L3>4050*2,0,ROUND(IF(O3=0,4050*0.075,IF(O3=1,4050*0.1,IF(O3=2,4050*0.15,IF(O3=3,4050*0.2,4050*0.25))))*(1-(L3-4050)/(4050)),0)) | Q3: =MAX(L3-M3-N3-P3,0) | R3: =ROUND(Q3*0.1,2) | S3: 0 | T3: 0 | U3: =M3+N3+R3+S3 | V3: =L3-U3+T3 | W3: =ROUND(L3*0.0225,2) | X3: =L3+W3
A4: S002 | B4: A002 | C4: =IFERROR(VLOOKUP(B4,'Angajați'!$A:$C,2,0)&" "&VLOOKUP(B4,'Angajați'!$A:$C,3,0),"N/A") | D4: 3 | E4: 2025 | F4: 14000 | G4: =IFERROR(SUMPRODUCT((Pontaj!$A$3:$A$200=B4)*(Pontaj!$D$3:$D$200=D4)*(Pontaj!$E$3:$E$200=E4)*Pontaj!$AK$3:$AK$200),0) | H4: =NETWORKDAYS(DATE(E4,D4,1),EOMONTH(DATE(E4,D4,1),0)) | I4: =IF(H4>0,ROUND(F4*G4/H4,2),0) | J4: =IFERROR(SUMPRODUCT(('Ore Suplimentare'!$B$3:$B$200=B4)*(MONTH('Ore Suplimentare'!$D$3:$D$200)=D4)*(YEAR('Ore Suplimentare'!$D$3:$D$200)=E4)*('Ore Suplimentare'!$L$3:$L$200="Aprobat")*'Ore Suplimentare'!$K$3:$K$200),0) | K4: =IFERROR(SUMPRODUCT((Pontaj!$A$3:$A$200=B4)*(Pontaj!$D$3:$D$200=D4)*(Pontaj!$E$3:$E$200=E4)*Pontaj!$AL$3:$AL$200)*IF(H4>0,F4/H4,0),0) | L4: =I4+J4+K4 | M4: =ROUND(L4*0.25,2) | N4: =ROUND(L4*0.1,2) | O4: 0 | P4: =IF(L4>4050*2,0,ROUND(IF(O4=0,4050*0.075,IF(O4=1,4050*0.1,IF(O4=2,4050*0.15,IF(O4=3,4050*0.2,4050*0.25))))*(1-(L4-4050)/(4050)),0)) | Q4: =MAX(L4-M4-N4-P4,0) | R4: =ROUND(Q4*0.1,2) | S4: 0 | T4: 0 | U4: =M4+N4+R4+S4 | V4: =L4-U4+T4 | W4: =ROUND(L4*0.0225,2) | X4: =L4+W4
A5: S003 | B5: A003 | C5: =IFERROR(VLOOKUP(B5,'Angajați'!$A:$C,2,0)&" "&VLOOKUP(B5,'Angajați'!$A:$C,3,0),"N/A") | D5: 3 | E5: 2025 | F5: 7500 | G5: =IFERROR(SUMPRODUCT((Pontaj!$A$3:$A$200=B5)*(Pontaj!$D$3:$D$200=D5)*(Pontaj!$E$3:$E$200=E5)*Pontaj!$AK$3:$AK$200),0) | H5: =NETWORKDAYS(DATE(E5,D5,1),EOMONTH(DATE(E5,D5,1),0)) | I5: =IF(H5>0,ROUND(F5*G5/H5,2),0) | J5: =IFERROR(SUMPRODUCT(('Ore Suplimentare'!$B$3:$B$200=B5)*(MONTH('Ore Suplimentare'!$D$3:$D$200)=D5)*(YEAR('Ore Suplimentare'!$D$3:$D$200)=E5)*('Ore Suplimentare'!$L$3:$L$200="Aprobat")*'Ore Suplimentare'!$K$3:$K$200),0) | K5: =IFERROR(SUMPRODUCT((Pontaj!$A$3:$A$200=B5)*(Pontaj!$D$3:$D$200=D5)*(Pontaj!$E$3:$E$200=E5)*Pontaj!$AL$3:$AL$200)*IF(H5>0,F5/H5,0),0) | L5: =I5+J5+K5 | M5: =ROUND(L5*0.25,2) | N5: =ROUND(L5*0.1,2) | O5: 2 | P5: =IF(L5>4050*2,0,ROUND(IF(O5=0,4050*0.075,IF(O5=1,4050*0.1,IF(O5=2,4050*0.15,IF(O5=3,4050*0.2,4050*0.25))))*(1-(L5-4050)/(4050)),0)) | Q5: =MAX(L5-M5-N5-P5,0) | R5: =ROUND(Q5*0.1,2) | S5: 0 | T5: 0 | U5: =M5+N5+R5+S5 | V5: =L5-U5+T5 | W5: =ROUND(L5*0.0225,2) | X5: =L5+W5
A6: S004 | B6: A004 | C6: =IFERROR(VLOOKUP(B6,'Angajați'!$A:$C,2,0)&" "&VLOOKUP(B6,'Angajați'!$A:$C,3,0),"N/A") | D6: 3 | E6: 2025 | F6: 9000 | G6: =IFERROR(SUMPRODUCT((Pontaj!$A$3:$A$200=B6)*(Pontaj!$D$3:$D$200=D6)*(Pontaj!$E$3:$E$200=E6)*Pontaj!$AK$3:$AK$200),0) | H6: =NETWORKDAYS(DATE(E6,D6,1),EOMONTH(DATE(E6,D6,1),0)) | I6: =IF(H6>0,ROUND(F6*G6/H6,2),0) | J6: =IFERROR(SUMPRODUCT(('Ore Suplimentare'!$B$3:$B$200=B6)*(MONTH('Ore Suplimentare'!$D$3:$D$200)=D6)*(YEAR('Ore Suplimentare'!$D$3:$D$200)=E6)*('Ore Suplimentare'!$L$3:$L$200="Aprobat")*'Ore Suplimentare'!$K$3:$K$200),0) | K6: =IFERROR(SUMPRODUCT((Pontaj!$A$3:$A$200=B6)*(Pontaj!$D$3:$D$200=D6)*(Pontaj!$E$3:$E$200=E6)*Pontaj!$AL$3:$AL$200)*IF(H6>0,F6/H6,0),0) | L6: =I6+J6+K6 | M6: =ROUND(L6*0.25,2) | N6: =ROUND(L6*0.1,2) | O6: 1 | P6: =IF(L6>4050*2,0,ROUND(IF(O6=0,4050*0.075,IF(O6=1,4050*0.1,IF(O6=2,4050*0.15,IF(O6=3,4050*0.2,4050*0.25))))*(1-(L6-4050)/(4050)),0)) | Q6: =MAX(L6-M6-N6-P6,0) | R6: =ROUND(Q6*0.1,2) | S6: 0 | T6: 0 | U6: =M6+N6+R6+S6 | V6: =L6-U6+T6 | W6: =ROUND(L6*0.0225,2) | X6: =L6+W6
A7: S005 | B7: A005 | C7: =IFERROR(VLOOKUP(B7,'Angajați'!$A:$C,2,0)&" "&VLOOKUP(B7,'Angajați'!$A:$C,3,0),"N/A") | D7: 3 | E7: 2025 | F7: 12000 | G7: =IFERROR(SUMPRODUCT((Pontaj!$A$3:$A$200=B7)*(Pontaj!$D$3:$D$200=D7)*(Pontaj!$E$3:$E$200=E7)*Pontaj!$AK$3:$AK$200),0) | H7: =NETWORKDAYS(DATE(E7,D7,1),EOMONTH(DATE(E7,D7,1),0)) | I7: =IF(H7>0,ROUND(F7*G7/H7,2),0) | J7: =IFERROR(SUMPRODUCT(('Ore Suplimentare'!$B$3:$B$200=B7)*(MONTH('Ore Suplimentare'!$D$3:$D$200)=D7)*(YEAR('Ore Suplimentare'!$D$3:$D$200)=E7)*('Ore Suplimentare'!$L$3:$L$200="Aprobat")*'Ore Suplimentare'!$K$3:$K$200),0) | K7: =IFERROR(SUMPRODUCT((Pontaj!$A$3:$A$200=B7)*(Pontaj!$D$3:$D$200=D7)*(Pontaj!$E$3:$E$200=E7)*Pontaj!$AL$3:$AL$200)*IF(H7>0,F7/H7,0),0) | L7: =I7+J7+K7 | M7: =ROUND(L7*0.25,2) | N7: =ROUND(L7*0.1,2) | O7: 0 | P7: =IF(L7>4050*2,0,ROUND(IF(O7=0,4050*0.075,IF(O7=1,4050*0.1,IF(O7=2,4050*0.15,IF(O7=3,4050*0.2,4050*0.25))))*(1-(L7-4050)/(4050)),0)) | Q7: =MAX(L7-M7-N7-P7,0) | R7: =ROUND(Q7*0.1,2) | S7: 0 | T7: 0 | U7: =M7+N7+R7+S7 | V7: =L7-U7+T7 | W7: =ROUND(L7*0.0225,2) | X7: =L7+W7
A8: TOTAL | F8: =SUM(F3:F7) | I8: =SUM(I3:I7) | J8: =SUM(J3:J7) | K8: =SUM(K3:K7) | L8: =SUM(L3:L7) | M8: =SUM(M3:M7) | N8: =SUM(N3:N7) | P8: =SUM(P3:P7) | Q8: =SUM(Q3:Q7) | R8: =SUM(R3:R7) | S8: =SUM(S3:S7) | T8: =SUM(T3:T7) | U8: =SUM(U3:U7) | V8: =SUM(V3:V7) | W8: =SUM(W3:W7) | X8: =SUM(X3:X7)
A10: FORMULE CALCUL:
A11: CAS = Total Brut × 25% (contribuție pensie angajat)
A12: CASS = Total Brut × 10% (contribuție sănătate angajat)
A13: Total Brut = Salariu Proporțional + Ore Suplimentare + Indemnizație CO
A14: Deducere Personală = funcție de venitul brut și nr. persoane în întreținere
A15: Baza Impozabilă = Total Brut - CAS - CASS - Deducere Personală
A16: Impozit = Baza Impozabilă × 10%
A17: Total Rețineri = CAS + CASS + Impozit + Alte Deduceri
A18: Salariu Net = Total Brut - Total Rețineri + Tichete Masă
A19: CAM = Total Brut × 2.25% (contribuție angajator)
A20: Cost Total Angajator = Total Brut + CAM

Sheet Fluturași
A1: Selectați rândul din Salarizare: | C1: 3 | D1: ← Introduceți nr. rândului din foaia Salarizare (3, 4, 5...)
A3: =Configurare!B13
A4: =Configurare!B14
A5: ="FLUTURAȘ DE SALARIU - "&INDIRECT("Salarizare!D"&C1)&"/"&INDIRECT("Salarizare!E"&C1)
A7: DATE ANGAJAT
A8: Marcă: | B8: =INDIRECT("Salarizare!B"&C1) | D8: Nume Prenume: | E8: =INDIRECT("Salarizare!C"&C1)
A9: Departament: | B9: =IFERROR(VLOOKUP(INDIRECT("Salarizare!B"&C1),'Angajați'!$A:$K,11,0),"N/A") | D9: Funcție: | E9: =IFERROR(VLOOKUP(INDIRECT("Salarizare!B"&C1),'Angajați'!$A:$L,12,0),"N/A")
A10: CNP: | B10: =IFERROR(VLOOKUP(INDIRECT("Salarizare!B"&C1),'Angajați'!$A:$D,4,0),"N/A") | D10: IBAN: | E10: =IFERROR(VLOOKUP(INDIRECT("Salarizare!B"&C1),'Angajați'!$A:$S,19,0),"N/A")
A12: VENITURI | D12: REȚINERI
A13: Descriere | B13: Suma (RON) | D13: Descriere | E13: Suma (RON)
A14: Salariu Brut Bază | B14: =INDIRECT("Salarizare!F"&C1) | D14: CAS 25% (Pensie) | E14: =INDIRECT("Salarizare!J"&C1)
A15: Zile Lucrate / Total | B15: =INDIRECT("Salarizare!G"&C1)&" / "&INDIRECT("Salarizare!H"&C1) | D15: CASS 10% (Sănătate) | E15: =INDIRECT("Salarizare!K"&C1)
A16: Salariu Proporțional | B16: =INDIRECT("Salarizare!I"&C1) | D16: Impozit 10% | E16: =INDIRECT("Salarizare!N"&C1)
A17: Tichete Masă | B17: =INDIRECT("Salarizare!P"&C1) | D17: Alte Deduceri | E17: =INDIRECT("Salarizare!O"&C1)
A19: TOTAL VENITURI BRUTE | B19: =INDIRECT("Salarizare!I"&C1)+INDIRECT("Salarizare!P"&C1) | D19: TOTAL REȚINERI | E19: =INDIRECT("Salarizare!J"&C1)+INDIRECT("Salarizare!K"&C1)+INDIRECT("Salarizare!N"&C1)+INDIRECT("Salarizare!O"&C1)
A21: ="SALARIU NET DE PLATĂ: "&TEXT(INDIRECT("Salarizare!Q"&C1),"#,##0.00")&" RON"
A23: CONTRIBUȚII ANGAJATOR
A24: CAM 2.25% | B24: =INDIRECT("Salarizare!R"&C1)
A25: Cost Total Angajator | B25: =INDIRECT("Salarizare!S"&C1)
A27: Întocmit, | D27: Luat la cunoștință,
A29: _____________________ | D29: _____________________
A30: (Departament HR) | D30: (Angajat)

Sheet Evaluări
A1: EVALUĂRI PERFORMANȚĂ
A2: ID | B2: ID Angajat | C2: Nume Angajat | D2: Perioada Evaluată | E2: Data Evaluării | F2: Evaluator | G2: Obiective | H2: Realizări | I2: Scor Obiective (1-5) | J2: Competențe Tehnice (1-5) | K2: Competențe Soft (1-5) | L2: Scor Final | M2: Plan Dezvoltare | N2: Următoarea Evaluare
A3: E001 | B3: A002 | C3: =IFERROR(VLOOKUP(B3,'Angajați'!$A:$C,2,0)&" "&VLOOKUP(B3,'Angajați'!$A:$C,3,0),"N/A") | D3: S1 2025 | E3: 45838 | F3: Popescu Ion | G3: Livrare proiect X, Mentorat 2 juniori | H3: Proiect livrat la termen, 1 junior mentorat | I3: 4 | J3: 5 | K3: 4 | L3: =IF(AND(I3<>"",J3<>"",K3<>""),ROUND((I3+J3+K3)/3,1),"") | M3: Certificare cloud, leadership training | N3: 46022
A4: E002 | B4: A003 | C4: =IFERROR(VLOOKUP(B4,'Angajați'!$A:$C,2,0)&" "&VLOOKUP(B4,'Angajați'!$A:$C,3,0),"N/A") | D4: S1 2025 | E4: 45838 | F4: Popescu Ion | G4: Implementare sistem evaluare, Reducere turnover 5% | H4: Sistem implementat parțial | I4: 3 | J4: 3 | K4: 4 | L4: =IF(AND(I4<>"",J4<>"",K4<>""),ROUND((I4+J4+K4)/3,1),"") | M4: Curs management HR avansat | N4: 46022
A5: E003 | B5: A005 | C5: =IFERROR(VLOOKUP(B5,'Angajați'!$A:$C,2,0)&" "&VLOOKUP(B5,'Angajați'!$A:$C,3,0),"N/A") | D5: S1 2025 | E5: 45838 | F5: Popescu Ion | G5: Creștere vânzări 15%, Noi clienți | H5: Creștere 20% vânzări, 5 clienți noi | I5: 5 | J5: 4 | K5: 4 | L5: =IF(AND(I5<>"",J5<>"",K5<>""),ROUND((I5+J5+K5)/3,1),"") | M5: Curs negociere avansată | N5: 46022

Sheet Training
A1: TRAINING & FORMĂRI PROFESIONALE
A2: ID | B2: Denumire Curs | C2: Furnizor | D2: Tip | E2: Data Început | F2: Data Sfârșit | G2: Ore | H2: Cost (RON) | I2: ID Angajat | J2: Nume Angajat | K2: Status | L2: Certificare | M2: Data Expirare Certificare
A3: T001 | B3: Management Avansat | C3: Schultz Consulting | D3: Extern | E3: 45757 | F3: 45759 | G3: 24 | H3: 3500 | I3: A001 | J3: =IFERROR(VLOOKUP(I3,'Angajați'!$A:$C,2,0)&" "&VLOOKUP(I3,'Angajați'!$A:$C,3,0),"N/A") | K3: Planificat | L3: Da - Certificat Management | M3: 46489
A4: T002 | B4: Python pentru Analiză Date | C4: IT Academy | D4: Online | E4: 45717 | F4: 45731 | G4: 40 | H4: 1200 | I4: A002 | J4: =IFERROR(VLOOKUP(I4,'Angajați'!$A:$C,2,0)&" "&VLOOKUP(I4,'Angajați'!$A:$C,3,0),"N/A") | K4: În Curs | L4: Da - Python Data Analysis | M4: 46461
A5: T003 | B5: Legislație Muncii 2025 | C5: HR Club | D5: Conferință | E5: 45797 | F5: 45797 | G5: 8 | H5: 500 | I5: A003 | J5: =IFERROR(VLOOKUP(I5,'Angajați'!$A:$C,2,0)&" "&VLOOKUP(I5,'Angajați'!$A:$C,3,0),"N/A") | K5: Planificat | L5: Nu
A6: T004 | B6: Excel Avansat & VBA | C6: Intern | D6: Intern | E6: 45703 | F6: 45716 | G6: 16 | H6: 0 | I6: A004 | J6: =IFERROR(VLOOKUP(I6,'Angajați'!$A:$C,2,0)&" "&VLOOKUP(I6,'Angajați'!$A:$C,3,0),"N/A") | K6: Finalizat | L6: Da - Excel Advanced | M6: 46446

Sheet Recrutare
A1: MANAGEMENT RECRUTARE
A2: ID | B2: Post | C2: Departament | D2: Data Deschidere | E2: Nume Candidat | F2: Email | G2: Telefon | H2: Sursă | I2: Data Aplicării | J2: Status | K2: Data Interviu | L2: Interviewer | M2: Scor (1-10) | N2: Ofertă Salarială (RON) | O2: Observații
A3: R001 | B3: Developer Software Mid | C3: IT & Dezvoltare | D3: 45689 | E3: Popa Alexandru | F3: alex.popa@email.com | G3: 0731000010 | H3: LinkedIn | I3: 45693 | J3: Interviu Tehnic | K3: 45726 | L3: Ionescu Maria | M3: 8 | N3: 9000 | O3: Experiență 3 ani Java/Python
A4: R002 | B4: Developer Software Mid | C4: IT & Dezvoltare | D4: 45689 | E4: Stan Mihaela | F4: mihaela.stan@email.com | G4: 0731000011 | H4: eJobs | I4: 45696 | J4: Screening CV | O4: CV promițător, de programat interviu
A5: R003 | B5: Specialist Marketing | C5: Marketing | D5: 45717 | E5: Radu Cristina | F5: cristina.radu@email.com | G5: 0731000012 | H5: Referral | I5: 45721 | J5: Ofertă | K5: 45731 | L5: Constantinescu Dan | M5: 9 | N5: 7000 | O5: Referral de la echipa curentă
A6: R004 | B6: Operator Logistică | C6: Logistică | D6: 45717 | E6: Nistor Bogdan | F6: bogdan.nistor@email.com | G6: 0731000013 | H6: BestJobs | I6: 45719 | J6: Respins | K6: 45724 | L6: Vasilescu Mihai | M6: 3 | O6: Nu corespunde cerințelor

Sheet Organigramă
A1: ORGANIGRAMĂ COMPANIE | I1: VIZUALIZARE ORGANIGRAMĂ (TEXT)
A2: ID Angajat | B2: Nume Prenume | C2: Funcție | D2: Departament | E2: Manager Direct (ID) | F2: Manager Direct (Nume) | G2: Nivel Ierarhic | I2: Ierarhie | J2: Funcție | K2: Departament
A3: =IF('Angajați'!A3<>"",'Angajați'!A3,"") | B3: =IF(A3<>"",'Angajați'!B3&" "&'Angajați'!C3,"") | C3: =IF(A3<>"",'Angajați'!L3,"") | D3: =IF(A3<>"",'Angajați'!K3,"") | E3: =IF(A3<>"",IFERROR(INDEX('Angajați'!$A:$A,MATCH('Angajați'!M3,'Angajați'!$B:$B&" "&'Angajați'!$C:$C,0)),"-"),"") | F3: =IF(A3<>"",'Angajați'!M3,"") | G3: =IF(A3="","",IF(F3="-",1,IF(IFERROR(MATCH(F3,B$3:B$52,0),0)>0,2,1))) | I3: Popescu Ion | J3: Director General | K3: Management
A4: =IF('Angajați'!A4<>"",'Angajați'!A4,"") | B4: =IF(A4<>"",'Angajați'!B4&" "&'Angajați'!C4,"") | C4: =IF(A4<>"",'Angajați'!L4,"") | D4: =IF(A4<>"",'Angajați'!K4,"") | E4: =IF(A4<>"",IFERROR(INDEX('Angajați'!$A:$A,MATCH('Angajați'!M4,'Angajați'!$B:$B&" "&'Angajați'!$C:$C,0)),"-"),"") | F4: =IF(A4<>"",'Angajați'!M4,"") | G4: =IF(A4="","",IF(F4="-",1,IF(IFERROR(MATCH(F4,B$3:B$52,0),0)>0,2,1))) | I4: ├── Ionescu Maria | J4: Team Lead Dezvoltare | K4: IT & Dezvoltare
A5: =IF('Angajați'!A5<>"",'Angajați'!A5,"") | B5: =IF(A5<>"",'Angajați'!B5&" "&'Angajați'!C5,"") | C5: =IF(A5<>"",'Angajați'!L5,"") | D5: =IF(A5<>"",'Angajați'!K5,"") | E5: =IF(A5<>"",IFERROR(INDEX('Angajați'!$A:$A,MATCH('Angajați'!M5,'Angajați'!$B:$B&" "&'Angajați'!$C:$C,0)),"-"),"") | F5: =IF(A5<>"",'Angajați'!M5,"") | G5: =IF(A5="","",IF(F5="-",1,IF(IFERROR(MATCH(F5,B$3:B$52,0),0)>0,2,1))) | I5: ├── Georgescu Ana | J5: Specialist HR | K5: Resurse Umane
A6: =IF('Angajați'!A6<>"",'Angajați'!A6,"") | B6: =IF(A6<>"",'Angajați'!B6&" "&'Angajați'!C6,"") | C6: =IF(A6<>"",'Angajați'!L6,"") | D6: =IF(A6<>"",'Angajați'!K6,"") | E6: =IF(A6<>"",IFERROR(INDEX('Angajați'!$A:$A,MATCH('Angajați'!M6,'Angajați'!$B:$B&" "&'Angajați'!$C:$C,0)),"-"),"") | F6: =IF(A6<>"",'Angajați'!M6,"") | G6: =IF(A6="","",IF(F6="-",1,IF(IFERROR(MATCH(F6,B$3:B$52,0),0)>0,2,1))) | I6: ├── Dumitrescu Pavel | J6: Contabil | K6: Financiar-Contabil
A7: =IF('Angajați'!A7<>"",'Angajați'!A7,"") | B7: =IF(A7<>"",'Angajați'!B7&" "&'Angajați'!C7,"") | C7: =IF(A7<>"",'Angajați'!L7,"") | D7: =IF(A7<>"",'Angajați'!K7,"") | E7: =IF(A7<>"",IFERROR(INDEX('Angajați'!$A:$A,MATCH('Angajați'!M7,'Angajați'!$B:$B&" "&'Angajați'!$C:$C,0)),"-"),"") | F7: =IF(A7<>"",'Angajați'!M7,"") | G7: =IF(A7="","",IF(F7="-",1,IF(IFERROR(MATCH(F7,B$3:B$52,0),0)>0,2,1))) | I7: ├── Marinescu Elena | J7: Manager Vânzări | K7: Vânzări
A8: =IF('Angajați'!A8<>"",'Angajați'!A8,"") | B8: =IF(A8<>"",'Angajați'!B8&" "&'Angajați'!C8,"") | C8: =IF(A8<>"",'Angajați'!L8,"") | D8: =IF(A8<>"",'Angajați'!K8,"") | E8: =IF(A8<>"",IFERROR(INDEX('Angajați'!$A:$A,MATCH('Angajați'!M8,'Angajați'!$B:$B&" "&'Angajați'!$C:$C,0)),"-"),"") | F8: =IF(A8<>"",'Angajați'!M8,"") | G8: =IF(A8="","",IF(F8="-",1,IF(IFERROR(MATCH(F8,B$3:B$52,0),0)>0,2,1))) | I8: ├── Constantinescu Dan | J8: Specialist Marketing | K8: Marketing
A9: =IF('Angajați'!A9<>"",'Angajați'!A9,"") | B9: =IF(A9<>"",'Angajați'!B9&" "&'Angajați'!C9,"") | C9: =IF(A9<>"",'Angajați'!L9,"") | D9: =IF(A9<>"",'Angajați'!K9,"") | E9: =IF(A9<>"",IFERROR(INDEX('Angajați'!$A:$A,MATCH('Angajați'!M9,'Angajați'!$B:$B&" "&'Angajați'!$C:$C,0)),"-"),"") | F9: =IF(A9<>"",'Angajați'!M9,"") | G9: =IF(A9="","",IF(F9="-",1,IF(IFERROR(MATCH(F9,B$3:B$52,0),0)>0,2,1))) | I9: └── Vasilescu Mihai | J9: Operator Logistică | K9: Logistică
A10: =IF('Angajați'!A10<>"",'Angajați'!A10,"") | B10: =IF(A10<>"",'Angajați'!B10&" "&'Angajați'!C10,"") | C10: =IF(A10<>"",'Angajați'!L10,"") | D10: =IF(A10<>"",'Angajați'!K10,"") | E10: =IF(A10<>"",IFERROR(INDEX('Angajați'!$A:$A,MATCH('Angajați'!M10,'Angajați'!$B:$B&" "&'Angajați'!$C:$C,0)),"-"),"") | F10: =IF(A10<>"",'Angajați'!M10,"") | G10: =IF(A10="","",IF(F10="-",1,IF(IFERROR(MATCH(F10,B$3:B$52,0),0)>0,2,1)))
A11: =IF('Angajați'!A11<>"",'Angajați'!A11,"") | B11: =IF(A11<>"",'Angajați'!B11&" "&'Angajați'!C11,"") | C11: =IF(A11<>"",'Angajați'!L11,"") | D11: =IF(A11<>"",'Angajați'!K11,"") | E11: =IF(A11<>"",IFERROR(INDEX('Angajați'!$A:$A,MATCH('Angajați'!M11,'Angajați'!$B:$B&" "&'Angajați'!$C:$C,0)),"-"),"") | F11: =IF(A11<>"",'Angajați'!M11,"") | G11: =IF(A11="","",IF(F11="-",1,IF(IFERROR(MATCH(F11,B$3:B$52,0),0)>0,2,1))) | I11: NOTĂ: Organigrama vizuală se actualizează manual sau prin VBA.
A12: =IF('Angajați'!A12<>"",'Angajați'!A12,"") | B12: =IF(A12<>"",'Angajați'!B12&" "&'Angajați'!C12,"") | C12: =IF(A12<>"",'Angajați'!L12,"") | D12: =IF(A12<>"",'Angajați'!K12,"") | E12: =IF(A12<>"",IFERROR(INDEX('Angajați'!$A:$A,MATCH('Angajați'!M12,'Angajați'!$B:$B&" "&'Angajați'!$C:$C,0)),"-"),"") | F12: =IF(A12<>"",'Angajați'!M12,"") | G12: =IF(A12="","",IF(F12="-",1,IF(IFERROR(MATCH(F12,B$3:B$52,0),0)>0,2,1))) | I12: Datele din tabelul din stânga se actualizează automat din foaia Angajați.
A13: =IF('Angajați'!A13<>"",'Angajați'!A13,"") | B13: =IF(A13<>"",'Angajați'!B13&" "&'Angajați'!C13,"") | C13: =IF(A13<>"",'Angajați'!L13,"") | D13: =IF(A13<>"",'Angajați'!K13,"") | E13: =IF(A13<>"",IFERROR(INDEX('Angajați'!$A:$A,MATCH('Angajați'!M13,'Angajați'!$B:$B&" "&'Angajați'!$C:$C,0)),"-"),"") | F13: =IF(A13<>"",'Angajați'!M13,"") | G13: =IF(A13="","",IF(F13="-",1,IF(IFERROR(MATCH(F13,B$3:B$52,0),0)>0,2,1)))
A14: =IF('Angajați'!A14<>"",'Angajați'!A14,"") | B14: =IF(A14<>"",'Angajați'!B14&" "&'Angajați'!C14,"") | C14: =IF(A14<>"",'Angajați'!L14,"") | D14: =IF(A14<>"",'Angajați'!K14,"") | E14: =IF(A14<>"",IFERROR(INDEX('Angajați'!$A:$A,MATCH('Angajați'!M14,'Angajați'!$B:$B&" "&'Angajați'!$C:$C,0)),"-"),"") | F14: =IF(A14<>"",'Angajați'!M14,"") | G14: =IF(A14="","",IF(F14="-",1,IF(IFERROR(MATCH(F14,B$3:B$52,0),0)>0,2,1)))
A15: =IF('Angajați'!A15<>"",'Angajați'!A15,"") | B15: =IF(A15<>"",'Angajați'!B15&" "&'Angajați'!C15,"") | C15: =IF(A15<>"",'Angajați'!L15,"") | D15: =IF(A15<>"",'Angajați'!K15,"") | E15: =IF(A15<>"",IFERROR(INDEX('Angajați'!$A:$A,MATCH('Angajați'!M15,'Angajați'!$B:$B&" "&'Angajați'!$C:$C,0)),"-"),"") | F15: =IF(A15<>"",'Angajați'!M15,"") | G15: =IF(A15="","",IF(F15="-",1,IF(IFERROR(MATCH(F15,B$3:B$52,0),0)>0,2,1)))
A16: =IF('Angajați'!A16<>"",'Angajați'!A16,"") | B16: =IF(A16<>"",'Angajați'!B16&" "&'Angajați'!C16,"") | C16: =IF(A16<>"",'Angajați'!L16,"") | D16: =IF(A16<>"",'Angajați'!K16,"") | E16: =IF(A16<>"",IFERROR(INDEX('Angajați'!$A:$A,MATCH('Angajați'!M16,'Angajați'!$B:$B&" "&'Angajați'!$C:$C,0)),"-"),"") | F16: =IF(A16<>"",'Angajați'!M16,"") | G16: =IF(A16="","",IF(F16="-",1,IF(IFERROR(MATCH(F16,B$3:B$52,0),0)>0,2,1)))
A17: =IF('Angajați'!A17<>"",'Angajați'!A17,"") | B17: =IF(A17<>"",'Angajați'!B17&" "&'Angajați'!C17,"") | C17: =IF(A17<>"",'Angajați'!L17,"") | D17: =IF(A17<>"",'Angajați'!K17,"") | E17: =IF(A17<>"",IFERROR(INDEX('Angajați'!$A:$A,MATCH('Angajați'!M17,'Angajați'!$B:$B&" "&'Angajați'!$C:$C,0)),"-"),"") | F17: =IF(A17<>"",'Angajați'!M17,"") | G17: =IF(A17="","",IF(F17="-",1,IF(IFERROR(MATCH(F17,B$3:B$52,0),0)>0,2,1)))
A18: =IF('Angajați'!A18<>"",'Angajați'!A18,"") | B18: =IF(A18<>"",'Angajați'!B18&" "&'Angajați'!C18,"") | C18: =IF(A18<>"",'Angajați'!L18,"") | D18: =IF(A18<>"",'Angajați'!K18,"") | E18: =IF(A18<>"",IFERROR(INDEX('Angajați'!$A:$A,MATCH('Angajați'!M18,'Angajați'!$B:$B&" "&'Angajați'!$C:$C,0)),"-"),"") | F18: =IF(A18<>"",'Angajați'!M18,"") | G18: =IF(A18="","",IF(F18="-",1,IF(IFERROR(MATCH(F18,B$3:B$52,0),0)>0,2,1)))
A19: =IF('Angajați'!A19<>"",'Angajați'!A19,"") | B19: =IF(A19<>"",'Angajați'!B19&" "&'Angajați'!C19,"") | C19: =IF(A19<>"",'Angajați'!L19,"") | D19: =IF(A19<>"",'Angajați'!K19,"") | E19: =IF(A19<>"",IFERROR(INDEX('Angajați'!$A:$A,MATCH('Angajați'!M19,'Angajați'!$B:$B&" "&'Angajați'!$C:$C,0)),"-"),"") | F19: =IF(A19<>"",'Angajați'!M19,"") | G19: =IF(A19="","",IF(F19="-",1,IF(IFERROR(MATCH(F19,B$3:B$52,0),0)>0,2,1)))
A20: =IF('Angajați'!A20<>"",'Angajați'!A20,"") | B20: =IF(A20<>"",'Angajați'!B20&" "&'Angajați'!C20,"") | C20: =IF(A20<>"",'Angajați'!L20,"") | D20: =IF(A20<>"",'Angajați'!K20,"") | E20: =IF(A20<>"",IFERROR(INDEX('Angajați'!$A:$A,MATCH('Angajați'!M20,'Angajați'!$B:$B&" "&'Angajați'!$C:$C,0)),"-"),"") | F20: =IF(A20<>"",'Angajați'!M20,"") | G20: =IF(A20="","",IF(F20="-",1,IF(IFERROR(MATCH(F20,B$3:B$52,0),0)>0,2,1)))
A21: =IF('Angajați'!A21<>"",'Angajați'!A21,"") | B21: =IF(A21<>"",'Angajați'!B21&" "&'Angajați'!C21,"") | C21: =IF(A21<>"",'Angajați'!L21,"") | D21: =IF(A21<>"",'Angajați'!K21,"") | E21: =IF(A21<>"",IFERROR(INDEX('Angajați'!$A:$A,MATCH('Angajați'!M21,'Angajați'!$B:$B&" "&'Angajați'!$C:$C,0)),"-"),"") | F21: =IF(A21<>"",'Angajați'!M21,"") | G21: =IF(A21="","",IF(F21="-",1,IF(IFERROR(MATCH(F21,B$3:B$52,0),0)>0,2,1)))
A22: =IF('Angajați'!A22<>"",'Angajați'!A22,"") | B22: =IF(A22<>"",'Angajați'!B22&" "&'Angajați'!C22,"") | C22: =IF(A22<>"",'Angajați'!L22,"") | D22: =IF(A22<>"",'Angajați'!K22,"") | E22: =IF(A22<>"",IFERROR(INDEX('Angajați'!$A:$A,MATCH('Angajați'!M22,'Angajați'!$B:$B&" "&'Angajați'!$C:$C,0)),"-"),"") | F22: =IF(A22<>"",'Angajați'!M22,"") | G22: =IF(A22="","",IF(F22="-",1,IF(IFERROR(MATCH(F22,B$3:B$52,0),0)>0,2,1)))
A23: =IF('Angajați'!A23<>"",'Angajați'!A23,"") | B23: =IF(A23<>"",'Angajați'!B23&" "&'Angajați'!C23,"") | C23: =IF(A23<>"",'Angajați'!L23,"") | D23: =IF(A23<>"",'Angajați'!K23,"") | E23: =IF(A23<>"",IFERROR(INDEX('Angajați'!$A:$A,MATCH('Angajați'!M23,'Angajați'!$B:$B&" "&'Angajați'!$C:$C,0)),"-"),"") | F23: =IF(A23<>"",'Angajați'!M23,"") | G23: =IF(A23="","",IF(F23="-",1,IF(IFERROR(MATCH(F23,B$3:B$52,0),0)>0,2,1)))
A24: =IF('Angajați'!A24<>"",'Angajați'!A24,"") | B24: =IF(A24<>"",'Angajați'!B24&" "&'Angajați'!C24,"") | C24: =IF(A24<>"",'Angajați'!L24,"") | D24: =IF(A24<>"",'Angajați'!K24,"") | E24: =IF(A24<>"",IFERROR(INDEX('Angajați'!$A:$A,MATCH('Angajați'!M24,'Angajați'!$B:$B&" "&'Angajați'!$C:$C,0)),"-"),"") | F24: =IF(A24<>"",'Angajați'!M24,"") | G24: =IF(A24="","",IF(F24="-",1,IF(IFERROR(MATCH(F24,B$3:B$52,0),0)>0,2,1)))
... A52: =IF('Angajați'!A52<>"",'Angajați'!A52,"") | B52: =IF(A52<>"",'Angajați'!B52&" "&'Angajați'!C52,"") | C52: =IF(A52<>"",'Angajați'!L52,"") | D52: =IF(A52<>"",'Angajați'!K52,"") | E52: =IF(A52<>"",IFERROR(INDEX('Angajați'!$A:$A,MATCH('Angajați'!M52,'Angajați'!$B:$B&" "&'Angajați'!$C:$C,0)),"-"),"") | F52: =IF(A52<>"",'Angajați'!M52,"") | G52: =IF(A52="","",IF(F52="-",1,IF(IFERROR(MATCH(F52,B$3:B$52,0),0)>0,2,1)))

Sheet Istoric
A1: ISTORIC MODIFICĂRI / AUDIT TRAIL
A2: ID | B2: Data Modificării | C2: Ora | D2: Utilizator | E2: ID Angajat | F2: Nume Angajat | G2: Entitate Modificată | H2: Tip Modificare | I2: Câmp Modificat | J2: Valoare Veche | K2: Valoare Nouă | L2: Motivul Modificării
A3: H001 | B3: 45672 | C3: 09:30 | D3: Admin | E3: A002 | F3: =IFERROR(VLOOKUP(E3,'Angajați'!$A:$C,2,0)&" "&VLOOKUP(E3,'Angajați'!$A:$C,3,0),"N/A") | G3: Contracte | H3: Modificare Salariu | I3: Salariu Brut | J3: 12000 RON | K3: 14000 RON | L3: Mărire salarială anuală
A4: H002 | B4: 45689 | C4: 10:15 | D4: Admin | E4: A005 | F4: =IFERROR(VLOOKUP(E4,'Angajați'!$A:$C,2,0)&" "&VLOOKUP(E4,'Angajați'!$A:$C,3,0),"N/A") | G4: Angajați | H4: Modificare Departament | I4: Departament | J4: Marketing | K4: Vânzări | L4: Restructurare organizațională
A5: H003 | B5: 45717 | C5: 08:00 | D5: Admin | E5: A003 | F5: =IFERROR(VLOOKUP(E5,'Angajați'!$A:$C,2,0)&" "&VLOOKUP(E5,'Angajați'!$A:$C,3,0),"N/A") | G5: Angajați | H5: Modificare Funcție | I5: Funcție | J5: Specialist HR Junior | K5: Specialist HR | L5: Promovare
A6: H004 | B6: 45726 | C6: 14:00 | D6: Admin | E6: A004 | F6: =IFERROR(VLOOKUP(E6,'Angajați'!$A:$C,2,0)&" "&VLOOKUP(E6,'Angajați'!$A:$C,3,0),"N/A") | G6: Concedii | H6: Altele | I6: Status Concediu | J6: În Așteptare | K6: Aprobat | L6: Aprobare concediu medical
A9: NOTĂ: Acest jurnal se completează automat prin modulele VBA sau manual la fiecare modificare semnificativă.

Sheet Configurare
A1: PARAMETRI FISCALI ROMÂNIA 2025 | E1: LISTE DROPDOWN
A2: Parametru | B2: Valoare | C2: Descriere | E2: Status Angajat | F2: Tipuri Contract | G2: Tipuri Concediu | H2: Status Concediu | I2: Coduri Pontaj | J2: Sex | K2: Nivel Funcție | L2: Status Recrutare | M2: Surse Recrutare | N2: Tipuri Training | O2: Status Training | Q2: Sărbători 2025 | R2: Sărbători 2026
A3: CAS (Pensie) | B3: 0.25 | C3: Contribuție asigurări sociale - angajat | E3: Activ | F3: CIM Nedeterminat | G3: CO - Concediu Odihnă | H3: Aprobat | I3: P | J3: M | K3: Junior | L3: Nou | M3: LinkedIn | N3: Intern | O3: Planificat | Q3: 01-01 | R3: 01-01
A4: CASS (Sănătate) | B4: 0.1 | C4: Contribuție sănătate - angajat | E4: Inactiv | F4: CIM Determinat | G4: CM - Concediu Medical | H4: Respins | I4: CO | J4: F | K4: Mid | L4: Screening CV | M4: Site Companie | N4: Extern | O4: În Curs | Q4: 02-01 | R4: 02-01
A5: Impozit pe Venit | B5: 0.1 | C5: Impozit pe venit - flat tax | E5: Suspendat | F5: Part-time | G5: CFS - Concediu Fără Salariu | H5: În Așteptare | I5: CM | K5: Senior | L5: Interviu Telefonic | M5: Referral | N5: Online | O5: Finalizat | Q5: 24-01 | R5: 24-01
A6: CAM | B6: 0.0225 | C6: Contribuția asiguratorie muncă - angajator | F6: Convenție Civilă | G6: CCC - Concediu Creștere Copil | I6: A | K6: Lead | L6: Interviu Tehnic | M6: Agenție | N6: Conferință | O6: Anulat | Q6: 18-04 | R6: 10-04
A7: Salariu Minim Brut | B7: 4050 | C7: Salariul minim brut pe economie (RON) | F7: Internship | G7: CE - Concediu Eveniment | I7: AM | K7: Manager | L7: Interviu Final | M7: eJobs | N7: Workshop | Q7: 20-04 | R7: 12-04
A8: Deducere Personală Bază | B8: 300 | C8: Deducere personală de bază (RON) | G8: CP - Concediu Paternitate | I8: LS | K8: Director | L8: Ofertă | M8: BestJobs | Q8: 21-04 | R8: 13-04
A9: Zile CO Standard | B9: 21 | C9: Zile concediu odihnă / an | G9: CM - Concediu Maternitate | I9: OS | L9: Angajat | M9: Hipo | Q9: 01-05 | R9: 01-05
A10: Ore Lucru / Zi | B10: 8 | C10: Program normal de lucru | I10: TP | L10: Respins | M10: Altele | Q10: 01-06 | R10: 01-06
I11: D | L11: Retras | Q11: 08-06 | R11: 31-05
A12: DATE COMPANIE | Q12: 09-06 | R12: 01-06
A13: Denumire Companie | B13: SC Example SRL | Q13: 15-08 | R13: 15-08
A14: CUI | B14: RO12345678 | Q14: 30-11 | R14: 30-11
A15: Nr. Reg. Comerțului | B15: J40/1234/2010 | Q15: 01-12 | R15: 01-12
A16: Adresă Sediu | B16: Str. Exemplu 10, București, Sector 1 | Q16: 25-12 | R16: 25-12
A17: Telefon | B17: +40 21 123 4567 | Q17: 26-12 | R17: 26-12
A18: Email | B18: office@example.ro
A19: IBAN | B19: RO49AAAA1B31007593840000
A20: Bancă | B20: Banca Transilvania
